vox-agentcomms/lib/vox_agentcomms	1
vox-core/lib/vox_core	1
vox-tui/bin/vox	1
vox-tui/lib/vox_tui	1
vox-tui/test/a_backed_off_peer_is_retried_when_due_proof	35
vox-tui/test/a_board_admits_only_verified_members_proof	57
vox-tui/test/a_burst_past_the_slot_cap_is_queued_proof	247
vox-tui/test/a_circuit_carries_an_ipv6_daemon_proof	31
vox-tui/test/a_cli_failure_tells_the_truth_proof	70
vox-tui/test/a_crash_after_a_consent_still_delivers_the_key_proof	226
vox-tui/test/a_cut_session_is_reset_not_hung_proof	32
vox-tui/test/a_daemon_follows_its_anchor_proof	50
vox-tui/test/a_daemon_reopens_its_rooms_proof	8
vox-tui/test/a_dead_member_does_not_stall_the_room_proof	22
vox-tui/test/a_deleted_consent_counter_releases_nothing_proof	75
vox-tui/test/a_displaced_relay_is_let_go_proof	99
vox-tui/test/a_file_that_holds_the_identity_is_published_durably_proof	9
vox-tui/test/a_first_direct_connection_is_prompt_proof	1
vox-tui/test/a_first_punched_connection_is_prompt_proof	1
vox-tui/test/a_first_relayed_connection_is_under_two_seconds_proof	1
vox-tui/test/a_flood_of_strangers_does_not_stop_a_join_proof	40
vox-tui/test/a_fresh_process_is_taken_by_its_board_proof	61
vox-tui/test/a_governance_heavy_room_is_joined_promptly_proof	455
vox-tui/test/a_hostile_entry_does_not_stop_a_room_proof	47
vox-tui/test/a_join_is_not_hostage_to_one_member_proof	28
vox-tui/test/a_join_outlives_its_displaced_path_proof	1
vox-tui/test/a_large_room_reads_whole_proof	16
vox-tui/test/a_lock_and_unlock_keep_the_network_proof	59
vox-tui/test/a_lock_leaves_no_secret_in_memory_proof	52
vox-tui/test/a_lock_stops_a_join_in_flight_proof	53
vox-tui/test/a_long_room_reads_in_linear_time_proof	1
vox-tui/test/a_long_room_reopens_proof	1
vox-tui/test/a_member_of_one_room_is_not_served_another_proof	15
vox-tui/test/a_member_reads_only_what_follows_trust_proof	1
vox-tui/test/a_member_relays_what_it_learned_proof	44
vox-tui/test/a_member_removed_while_its_room_was_closed_proof	90
vox-tui/test/a_member_that_just_joined_is_not_refused_proof	1
vox-tui/test/a_member_trusted_while_unreachable_proof	35
vox-tui/test/a_member_whose_connection_died_is_synced_again_proof	56
vox-tui/test/a_member_whose_session_went_wrong_gets_a_fresh_one_proof	11
vox-tui/test/a_new_member_is_seen_promptly_proof	13
vox-tui/test/a_newcomer_reads_the_whole_history_proof	10
vox-tui/test/a_node_dials_only_what_it_can_reach_proof	97
vox-tui/test/a_pair_reads_each_other_after_a_restart_proof	61
vox-tui/test/a_post_answers_promptly_while_a_peer_posts_proof	1
vox-tui/test/a_profile_that_was_not_made_can_be_made_again_proof	6
vox-tui/test/a_received_message_survives_a_post_after_restart_proof	11
vox-tui/test/a_relayed_host_restart_is_reached_again_proof	125
vox-tui/test/a_relayed_pair_finds_a_direct_path_proof	1
vox-tui/test/a_retrust_does_not_inherit_a_withdrawn_key_proof	43
vox-tui/test/a_rollback_survives_a_power_loss_proof	6
vox-tui/test/a_room_admits_the_passphrase_and_authors_decide_readers	49
vox-tui/test/a_room_not_on_the_board_is_named_proof	13
vox-tui/test/a_room_of_many_members_syncs_without_holding_its_lock_proof	1
vox-tui/test/a_room_takes_every_joiner_proof	1
vox-tui/test/a_rooms_own_anchor_is_redialled_proof	25
vox-tui/test/a_second_joiner_is_not_locked_out	13
vox-tui/test/a_shared_anchor_is_dialled_at_every_rooms_address_proof	22
vox-tui/test/a_silent_pairwise_stream_cannot_stop_a_node_proof	21
vox-tui/test/a_silent_stream_cannot_stop_a_node_proof	20
vox-tui/test/a_slow_joiner_gets_in_or_is_told_why_proof	1
vox-tui/test/a_slow_sender_still_delivers_proof	58
vox-tui/test/a_stranger_cannot_hold_every_join_slot_proof	613
vox-tui/test/a_stranger_keeping_rooms_live_cannot_crowd_out_a_real_room_proof	134
vox-tui/test/a_sync_failure_names_its_reason_proof	12
vox-tui/test/a_taken_first_key_is_not_sent_again_proof	49
vox-tui/test/a_trust_check_does_not_stall_the_node_proof	1
vox-tui/test/a_trusted_anchor_serves_only_trusted_rooms_proof	25
vox-tui/test/a_tui_that_loses_the_create_race_names_it_proof	11
vox-tui/test/a_tui_waiting_for_the_profile_keeps_its_screen_proof	18
vox-tui/test/a_tunnels_last_bytes_arrive_proof	30
vox-tui/test/a_vox_address_cannot_stop_a_node_proof	13
vox-tui/test/a_vox_waiting_for_the_profile_says_so_proof	17
vox-tui/test/a_wholly_bad_anchors_file_stops_nothing_proof	66
vox-tui/test/a_wrong_peer_cannot_wedge_a_dial_proof	10
vox-tui/test/adapter_stream_proof	64
vox-tui/test/agent_hook_proof	3
vox-tui/test/agent_rehearsal_proof	1
vox-tui/test/an_address_leads_to_its_room_proof	51
vox-tui/test/an_agent_wake_is_safe_and_bounded_proof	79
vox-tui/test/an_anchor_runs_on_a_profile_made_by_vox_id_proof	11
vox-tui/test/an_anchor_stops_on_ctrl_c_proof	41
vox-tui/test/an_anchor_that_restarts_is_redialled_promptly_proof	45
vox-tui/test/an_entry_that_was_not_asked_for_is_refused_proof	21
vox-tui/test/an_equivocation_is_detected_and_said_proof	111
vox-tui/test/an_idle_node_stays_on_its_board_proof	1
vox-tui/test/an_ipv6_joiner_reaches_its_board_promptly_proof	1
vox-tui/test/an_unknown_control_request_says_so_proof	2
vox-tui/test/anchors_config_proof	9
vox-tui/test/atrest_argon2id_floor_proof	2
vox-tui/test/attach_names_its_error_proof	1
vox-tui/test/claim_lost_proof	28
vox-tui/test/codex_trust_proof	3
vox-tui/test/cross_process_join_proof	9
vox-tui/test/daemon_proof	3
vox-tui/test/daemon_shutdown_proof	20
vox-tui/test/drain_self_filter_proof	10
vox-tui/test/every_member_is_back_after_an_anchor_restart_proof	1
vox-tui/test/every_room_and_trusted_identity_lists_proof	146
vox-tui/test/failure_reasons_proof	381
vox-tui/test/fetching_from_a_member_who_is_gone_does_not_stop_the_daemon_proof	58
vox-tui/test/file_exchange_proof	10
vox-tui/test/forward_binds_loopback_only_proof	7
vox-tui/test/install_sh_proof	1
vox-tui/test/it_just_works_with_a_daemon_running	6
vox-tui/test/no_consent_without_a_ring_entry_proof	102
vox-tui/test/node_wide_blobs_are_sealed_by_the_vault_proof	33
vox-tui/test/nothing_local_leaks_to_another_user_proof	41
vox-tui/test/one_want_cannot_stop_a_room_proof	13
vox-tui/test/opencode_plugin_proof	1
vox-tui/test/opening_a_room_does_not_hold_up_a_post_proof	1
vox-tui/test/perf_r40_chat_latency_proof	1
vox-tui/test/perf_r40_relayed_chat_proof	1
vox-tui/test/perf_r41_tunnel_throughput_proof	1
vox-tui/test/read_render_proof	10
vox-tui/test/remote_interrupt_proof	35
vox-tui/test/result_unread_proof	8
vox-tui/test/revocation_rotates_the_key_proof	53
vox-tui/test/room_of_three_keys_proof	30
vox-tui/test/room_verbs_proof	3
vox-tui/test/service_rehearsal_proof	14
vox-tui/test/shell_setup_proof	1
vox-tui/test/simultaneous_session_race_proof	38
vox-tui/test/skill_cli_proof	1
vox-tui/test/the_path_mtu_follows_the_socket_buffer_proof	15
vox-tui/test/the_prekey_ring_is_kept_up_while_the_node_runs_proof	121
vox-tui/test/the_tui_shows_the_room_truthfully_proof	88
vox-tui/test/tracker_rehearsal_proof	1
vox-tui/test/trust_before_join_proof	7
vox-tui/test/tui_member_names_proof	33
vox-tui/test/tunnel_honesty_proof	97
vox-tui/test/tunnels_cannot_starve_a_rooms_sync_proof	29
vox-tui/test/two_backlogs_meet_proof	1
vox-tui/test/two_fetches_at_once_share_one_dial_proof	41
vox-tui/test/two_members_posting_at_once_are_never_refused_proof	28
vox-tui/test/two_unlocks_of_one_v1_profile_lose_no_rows_proof	90
vox-tui/test/update_proof	1
vox-tui/test/vox_ids_at_once_make_one_identity_proof	31
vox-tui/test/vox_node_starts_in_a_profile_with_an_identity_proof	2
vox-tui/test/whatever_holds_a_profile_answers_for_it_proof	21
vox-tui/test/work_board_proof	11
vox-tui/test/work_handoff_proof	21
vox-tui/test/work_op_proof	11
vox-tui/test/work_ref_proof	16
vox-tui/test/work_renew_proof	27
vox-tui/test/work_version_proof	13
vox-tui/test/wrong_passphrase_writes_nothing_proof	6
